161506713660;SW250POLY;SolarWord
161506732878;SW250POLY;SolarWord
161506733150;SW250POLY;SolarWord
161506732832;SW250POLY;SolarWord
161506732814;SW250POLY;SolarWord
161506732939;SW250POLY;SolarWord
161506732780;SW250POLY;SolarWord
161506732805;SW250POLY;SolarWord
161506733202;SW250POLY;SolarWord
161506732799;SW250POLY;SolarWord
161506732850;SW250POLY;SolarWord
161506733105;SW250POLY;SolarWord
161506733053;SW250POLY;SolarWord
161506732683;SW250POLY;SolarWord
161506714711;SW250POLY;SolarWord
161506733099;SW250POLY;SolarWord
161506733132;SW250POLY;SolarWord
161506733071;SW250POLY;SolarWord
